<?xml version="1.0" encoding="UTF-8"?>
<configuration scan="true" scanPeriod="4 hours">
  	<property name="LOG_PATH" value="/tmp/rqcutilslogs" />
  	<appender name="STDOUT" class="ch.qos.logback.core.ConsoleAppender">
   		<layout class="ch.qos.logback.classic.PatternLayout">
      		<Pattern>%d{yyyy-MM-dd' 'HH:mm:ss.SSS} %-5level %logger{36} - %msg%n</Pattern>
    	</layout>
  	</appender>
  	<appender name="TO-FILE" class="ch.qos.logback.core.rolling.RollingFileAppender">
		<file>${LOG_PATH}/rqcutil.log</file>
		<encoder class="ch.qos.logback.classic.encoder.PatternLayoutEncoder">
      		<Pattern>%d{yyyy-MM-dd' 'HH:mm:ss.SSS} %-5level %logger{36}.%M - %msg%n</Pattern>
    	</encoder>
    	<rollingPolicy class="ch.qos.logback.core.rolling.SizeAndTimeBasedRollingPolicy">
      		<fileNamePattern>${LOG_PATH}/archived/rqcutil_%d{yyyy-MM-dd}_%i.log</fileNamePattern>
      		<maxFileSize>10MB</maxFileSize>
      		<maxHistory>500</maxHistory>
     	 	<totalSizeCap>5120MB</totalSizeCap>
    	</rollingPolicy>
	</appender>
	
	<!-- <appender name="Async-Appender" class="ch.qos.logback.classic.AsyncAppender">
    	<appender-ref ref="TO-FILE"/>
	</appender> -->
	
	<!-- <logger name="com.jnj.rqc" level="DEBUG"/> -->
	<logger name="com.jnj.rqc" level="DEBUG">
   		<appender-ref ref="TO-FILE"/>
   	</logger>
	<root>
	    <appender-ref ref="STDOUT"/>
	</root>
	
  
  	<!-- <root level="debug">
    	<appender-ref ref="STDOUT" />
    	<appender-ref ref="TO-FILE" />
  	</root> -->
</configuration>